Subject,Catalog Number,Title,Professors
AAS,101,African American Survey,"Kendra Gage, Tyler Parry, Valerie Taylor"
ACC,201,Financial Accounting,Tammy Perri
ACC,202,Managerial Accounting,Robert Cornell
ACC,400,Accounting Environment,Paulette Tandy
ACC,420,Internal Auditing,Paulette Tandy
ACC,473,Law for Accountants I,Frank Perez
ACC,600,Accounting Environment,Paulette Tandy
ACC,620,Internal Auditing,Paulette Tandy
ACC,673,Law For Accountants I,Frank Perez
ACC,705,Rsrch Methods in Federal Tax,Donald Jones
ACC,709,Systems Theory & App,Robyn Raschke
ACC,725,Mergers & Acquisitions,Kimberly Charron
ACC,789,Seminar in Acctg,Kimberly Charron
AIS,101,Intro to Asian Studies,"Walter Skya, Edgar Weir"
ANTH,101,Intro Cultural Anthro,"Joseph Curran, Daniel Benyshek, Alecia Schrenk, William Jankowiak, Pierre Lienard, Nicholas Barron"
ANTH,102,Intro to Bio Anthropology,"Brian Villmoare, Alecia Schrenk, Jennifer Byrnes"
ANTH,105,Intro World Archaeology,Karen Harry
ANTH,110L,Intr Bio Anthropology Lab,", Aliciah Carr, Kathleen Stansbury, Nikki Bennett"
ANTH,193,Data Analysis for Anth,"William Willis, Karen Harry"
ANTH,306,Contemp Chinese Society,William Jankowiak
ANTH,411,Buddhism and Culture,Jiemin Bao
ANTH,420,"Magic, Witchcraft & Religion","Lisa Johnson, Nicholas Barron, William Jankowiak"
ANTH,428,Signifying Identities,Jiemin Bao
ANTH,438,Ethno Field Methods,"Nicholas Barron, Ivan Sandoval-Cervantes"
ANTH,466,"Hum Nut: Past, Pres & Fut",Daniel Benyshek
ANTH,799,Independ Research,
ART,101,Drawing I,", Lance Smith, Kristin Hough"
ART,156,Design Fundamentals III,", Kendall Gonzales, Rebekah Venturini, Camilla Collier"
ART,160,Art Appreciation,", Florence Baker-Wood"
ART,261,Survey of Art History II,"Susanna Newbury, Aya Mcdonald"
ART,425,Advanced Studio Practice,Catherine Angel
ART,490,Studio Internship,", Catherine Angel"
ART,495,Sp Topics Art Hist,Roxanne Farrar
ART,498,Seminar in Visual Arts,", Catherine Angel"
BIOL,100,Gen Bio Non Majors,Elana Paladino
BIOL,189L,Fund Life Sci Lab,"Hayley Baker, Angela Hammond, Victoria Tachinski, Timothy Duffey"
BLW,302,Legal Environment,Frank Perez
BUS,321,Business Communication,"Janna Bernstein, Anna Detken"
BUS,496,Strat Mgmt & Policy,"Gonzalo Molina Sieiro, HILLARY FRASER, Wonyong Oh"
BUS,498,Global Busn Strategy,"Orie Berezan, Chin-Chun Hsu"
CED,117,Intrpsl Skills Human Rel,", Leonardo Batalha de Oliveira, Tiffany Hunter, Patricia Violi, Grace Ravenelle, Roy Teng, Dailin Johnson, Haeeun Lee"
CED,200,Multicult Issues Counselg,", Nancy Esposito"
CED,300,Intro Human Serv/Coun,", Krista Scarborough, Kimberly Tureaud, Tiffany Simonetti, Heather Cassella"
CED,320,Drugs and Behavior,", Shandy Melson, William Arndt, Alexia Evan, Katrina Harris, Daniel Mager"
CED,322,Perspectives On Addiction,Chiante Jemison
CED,325,Mental hlth/Human Serv Pro,Gabriela Morgan
CED,350,Research - Human Services,Chiante Jemison
CED,410,Eating Disorders,Nicole Cauchois
CED,425,Pers in Multicultural Cou,Tonya Walls
CED,427,Clinical Process Addict,Chiante Jemison
CED,440,Problem Gambling II,Nicole Cauchois
CED,445,Trauma and Addiction,Tam Villar
CED,450,Treatment of Addictions,Chiante Jemison
CED,610,Eating Disorders,Nicole Cauchois
CED,640,Prob Gam Coun II,Nicole Cauchois
CED,645,Trauma and Addiction,Tam Villar
CEE,307,Engineering Economics,Mohamed Kaseko
CEE,371,Numerical Methods in CE,Cristian Arteaga Sanchez
CEE,481,Sustainable Construction,Barbara Luke
CEE,681,Sustainable Construction,Barbara Luke
CEM,480,Sustainable Construction,Barbara Luke
CEM,680,Sustainable Construction,Barbara Luke
CFA,100,First Year Symposia,", Thomas Gresham, Timothy Jones, Alfredo Fernandez-Gonzalez"
CFT,150,Personal Growth,"Matthew Jordan, Jonathan Molina, Katherine Matthews, Dustin Perkins"
CFT,225,Multicultural Issues,"Matthew Jordan, Katherine Matthews"
CFT,360,Contemporary Families,"Nicholas Angelone, Dustin Perkins"
CFT,370,Couple and Marital Rel,"Deborah Sampson, Tamara Zenner"
CHEM,103,Preparatory Chemistry,Sae Lee
CHEM,121A,Gen Chemistry I,Sae Lee
CIE,508,Clsrm Mgt Elem Educ,", Shahla Fayazpour"
CIE,553,Tchg Elem Sch Social Stud,Gregory Levitt
CIE,685,Elem Education Curriculum,Linda Quinn
CIG,603,Urban Education,"Iesha Jackson, Danny Murphy"
CIG,686,Change Agents,
CIG,690,Tchrs Action Researchers,"Yan Liu, Kim Metcalf, Peter Wiens"
CIG,768,Curriculum Studies,Linda Quinn
CIL,501,Chldrn Lit Elem Sch Curr,", Sophie Ladd, Fawn Canady"
CIL,542,Literacy Instruction I,"Tracy Wilking, "
CIL,543,Literacy Instr II-Clinic-Based,", April Douglass, Chyllis Scott"
CIL,621,Assessment in Literacy,"April Douglass, Chyllis Scott"
CIL,680,Cont Lit Chldrn Yng Adult,Sophie Ladd
CIS,563,Tchg Secondary Science,KATHERINE WADE-JAIMES
CIS,573,Tchg Sec Social Studies,Gregory Levitt
CIS,604,Sec Classroom Management,", Michelle Arroyo, Shahla Fayazpour, Chia-Liang Dai"
CIS,684,Sec Education Curriculum,Shaoan Zhang
CIT,601,Technology Elem Curr,"Joseph Maderick, Yan Chen"
CIT,602,Technology Secondary Curr,", Joseph Maderick"
CIT,609,Designing for LMS,Kristina Schmid
CIT,653,Creating Digital Education,Kendall Hartley
COE,202,Second-Year Seminar,"Chelsie Hawkinson, Mildred Joyner"
COLA,100E,FYS: Academic Success Ctr,", Alexander Simpson"
COLA,100LA,First Year Seminar,"Andrew Cummings, Claudia Chiang-Lopez"
COLA,402,COLA Internship,", Melikabella Shenouda, Denise Tillery, Jennifer Heath"
COM,101,Oral Communication,", Samantha Schaffer, Jacob Thompson, Chloe Powell, Stephanie Willes, William Ingelson, Robert Burgy, Miranda Raymond, Jackson Scott, Sarah Sheff, Raymond Shubinski, David Almanza-Canas, Nick Tatum, Madalena Robertson, Ashley Saari"
COM,102,Intro Interper Comm,"Samantha Schaffer, Jenny Farrell, Erika Church, Ashley Saari"
COM,104,Crit Think in Pub Arg,"Craig Hennigan, Rachel Allen, Stephanie Willes"
COM,211,Survey Rhetorical Studies,"Stephanie Willes, Donovan Conley"
COM,212,Intro to Com Research,", Rachel Allen, Nick Tatum"
COM,216,Survey of Comm Studies,Chloe Powell
COM,314,Health Communication,", Natalie Pennington"
COM,330,Selected Topics in Com Studies,Chloe Powell
COM,332,Online Relationships,", Natalie Pennington"
COM,400,Communication Theory,Tara Emmers-Sommer
COM,408,Rhetorical Criticism,"Emma Bloomfield, Stephanie Willes, David Gruber"
COM,409,The Rhetorical Tradition,Donovan Conley
COM,418,Rhetoric of Science,David Gruber
COM,434,Comm and Conflict Resolution,Tara Mcmanus
COM,634,Conflict Management,Tara Mcmanus
CPE,100,Digital Logic Design I,", Shahram Latifi"
CPE,260,Theory of Systems,Yingtao Jiang
CPE,301,Embedded Systems Design,", Ayemon Baraka, Venkatesan Muthukumar"
CPE,404,Mpa,", Mei Yang"
CPE,405,Coding Systems,Emma Regentova
CRJ,104,Intr Admin of Justice,"Cassandra Boyer, , Khaing Lynn, Elena Bejinariu"
CRJ,106,Intro to Corrections,"Bridget Kelly, Alexandra Nur"
CRJ,130,Survey of Criminal Law,", Jason Mitchell"
CRJ,211,Police in America,"William Sousa, , Leobardo Lopez-Cristobal"
CRJ,269,Intro to Emergency Mgmt,Dory Mizrachi
CRJ,270,Intro to Criminology,", Terance Miethe, Hong Lu"
CRJ,301,Resh Methods in Crj,", Chelsea Wheeler-Mayo, Elena Bejinariu, Kamali'ilani Wetherell"
CRJ,302,Quant Appl in Crj,", Elena Bejinariu, Terance Miethe"
CRJ,313,Law Police and Community,", Deena DeVore, Joshua Donnelly"
CRJ,315,Hate Crimes,", Darwin Morgan"
CRJ,400,Theories of Crime,", Christopher Forepaugh, Emily Troshynski"
CRJ,409,Youth Crime and Society,"Randall Shelden, "
CRJ,419,Law and Society,", Hong Lu"
CRJ,428,Women and Crime,", Emily Troshynski"
CRJ,432,Crim Justice Proc,", Jason Mitchell"
CRJ,441,Social Science in Law,", Karu Hangawatte"
CRJ,442,Victims of Sex Crimes,"Margaret Kennedy, "
CRJ,469,Psych and the Legal Sys,", Joel Lieberman"
CRJ,488X,Corporate Cybersecurity,Chelsea Wheeler-Mayo
CRJ,490,Crime Prevention,Marc Joseph
CRJ,498,Senior Assessment,", Emil Bernick"
CS,115,Introduction to Computers,", Timothy Rafalski"
CS,135,Computer Science I,Alex Staubin
CS,442,Cloud Computing,Jorge Fonseca Cacho
CS,477,Analysis of Algorithms,Wolfgang Bein
CS,642,Cloud Computing,Jorge Fonseca Cacho
CS,677,Analysis of Algorithms,Wolfgang Bein
CS,769,Adv Data Base Mgt,Sidkazem Taghva
DA,621,Prog For Data Analytics,Paul La Plante
DA,622,Prog for Data Analytics II,Jorge Fonseca Cacho
DA,651,Managing Big Data and Web Data,Paul La Plante
DAN,101,Dance Appreciation,"Cathy Allen, Katelin Beckett, Kimberly Amblad, Marie-Joe Tabet, Amber Sorgato, Danylle Smith, Indranee Clarke, Alissa Kuhn, Melissa Park"
DAN,103,"Sex, Dance & Entertainment","Michael Jarett, Amber Sorgato, Ian Dodge, Danielle Maas, Danylle Smith, Keena Smith, Melissa Park, Andee DeMarre, Heather Farrell"
DAN,104,Apprec Dan in Film,"Cathy Allen, Andee DeMarre"
DAN,108,Pilates I,"Melanie Hortin, Alissa Kuhn, Kimberly Amblad"
DAN,110,Dan for Flex & Tone,"Alexis Hansbrough, Kimberly Amblad"
DAN,166,Survey of Afric-Amer Dan,"Victoria Dale, Lonnie Chaney, Alexis Hansbrough, Marie-Joe Tabet, Kristine Keppel, Keanna Corley, Shaquida Vergo"
DAN,301,World Dance,"Michael Jarett, Victoria Dale, Jason Hortin"
DAN,351,Dance Kinesiology,"Ian Dodge, Macy Mccombs, Kimberly Fedele-Kaye, Melanie Hortin"
DAN,365,Dance History I,Dolly Kelepecz
DAN,369,Aesthetics Design for Dan,"Jason Hortin, Louis Kavouras"
DAN,451,Prev & Care Dan Inj(Thry),"Melanie Hortin, Macy Mccombs, Dolly Kelepecz"
DERM,2000,Dermatology Learning Modules,
EAB,700,Research Methods,Manoj Sharma
EAB,703,Biostatistical Methods,Chad Cross
EAB,705,Epidemiology and Public Health,Ann Vuong
ECE,252,Infant/Toddler Curriculum,
ECE,441,Play Theory Early Chldhd,Kathleen O'Hara
ECE,453,Meth in Ece I: Soc Sci,Marissa Rasavong
ECE,457,Working with Families EC,Nicole Atwell
ECE,461,Early Chldhd Ed Mgt,Jenna Weglarz-Ward
ECE,463,STEAM in ECE,Melissa Yarczower
ECE,706,Planning Curr Young Child,Jeffrey Gelfer
ECE,711,Sci & Math Young Children,", Christine Baxter"
ECE,712,STEM in ECE,Debra-Lyn Potts
ECEM,714,Community Resilience,George Togliatti
ECEM,722,Community Preparedness,Carolyn Levering
ECEM,724,Exercise Design,Lindsey Bartlett
ECEM,726,Trauma and Stress Mgmt,Margaret Kennedy
ECEM,731,"Risk Asse, Mit and Comm",Carlito Rayos
ECEM,734,Concepts Implementation,Sanford Mangold
ECG,604,Modern Processor Architec,Mei Yang
ECG,695,Sp Topics: Engineer,Ke-Xun Sun
ECG,703,Machine Learning Applications,Shahram Latifi
ECON,102,Prin Microeconomics,", Ahmad Kader, Shawn Mccoy, Matthew Rhodes"
ECON,103,Prin Macroeconomics,"William Robinson, Daraboth Rith"
ECON,180,Econ of Discrimination,Ahmad Kader
ECON,190,Global Economics,"Constant Tra, Ahmad Kader"
ECON,200,"Capital, Constitutions",William Robinson
ECON,261,Principle of Statistics I,"Daraboth Rith, Constant Tra, Djeto Assane, EMIR MALIKOV"
EDEL,331,Tch Elem School Art,"Jody Harry, Chad Scott"
EDEL,408,Clsrm Mgt Ele Ed,", Chia-Liang Dai, Annie Chou, Jaymes Aimetti"
EDEL,453,Tch El Sch Soc Stud,Gregory Levitt
EDH,607,Leadership Development,Doris Watson
EDH,709,Economics of Hi Edu,Federick Ngo
EDH,715,Ed Organizations,Stefani Relles
EDH,727,College Students in the US,Kenyon Whitman
EDRL,401,Child Lit Elem Sch Curr,"Nicole Bylina-Streets, , Sophie Ladd"
EDSC,408,Classrm Mgt Sec Ed,", Shahla Fayazpour"
EDSC,463,Tch Secondry Scienc,KATHERINE WADE-JAIMES
EDSC,473,Tch Sec Social St,Gregory Levitt
EDSP,411,Stud with Disab in Gen Ed,"Nicholas Borsellino, Sylvia Bailey, , Joseph Simmons"
EDSP,414,Career Ed Disabilit,Nicholas Borsellino
EDSP,432,Prnt Invlment for Students,", Kendra Antill, Travis Hammond, Suheyla Sarisahin, Michela Carattini"
EDU,201,Intro Elementary Edu,", Tina Stevens"
EDU,202,Intro to Secondary Edu,", Annie Chou, JinKun Shen"
EDU,203,Intro Special Education,", Joseph Simmons"
EDU,214E,Prep Tchrs to Use Tech,"Charles Sinicki, , Sam Leif, Yan Chen"
EDU,214S,Prep Tchrs to Use Tech,", Yan Chen, Xue Xing, Evan Scherr"
EDU,280,Valuing Cultural Diversty,", Wynn Tashman, Norma Marrun, Deana Mauldin, Malena Baizan"
EDW,571,Advising CTSO,Xue Xing
EDW,749R,Eval of Workforce Ed Programs,Xue Xing
EE,220,Circuits I,", Ming Zhu"
EE,292,Intro Electrical Engr,", Ginger-Marie Wilkins"
EE,330,Engineer Electromagnetics,", Biswajit Das"
EE,340,Power System Fundamentals,Yahia Baghzouz
EE,438,Radar in Industry,Wen Shen
EE,495,Sp Topics: Engineer,", Ke-Xun Sun"
EGG,100,People and Technology,", Nick Oana"
EMHA,701,Srvy US Hlthcare System: Prgm,Maire Simington
EMHA,718,Healthcare Economics,David Schweer
EMHA,719,Oper and Qlty Mgmt Hlth Serv,Michelle Sotero
EMHA,720,Info Systems in Hlth Serv Mgmt,Cae Swanger
EMHA,730,Strategic Mgmt of Hlth Serv,Maire Simington
EMHA,778,Spec Topic in HC Leadership Sp,Christopher Cochran
EMHA,779,Hlth Care Admin Capstone,Christopher Cochran
ENG,101,Composition I,", Andrew Yim, Elaine Bunker, Stephanie Taylor, Rachel Bovard, Kelleen O'Connell-Mock, Francisco Ortega, Mir Md Ariful Islam, Aisha Ratanapool"
ENG,102,Composition II,", Sara Brown, Patricia Heisser-Metoyer, Michael Rudolph, David Jurvelin, Steven Devito, Tanya Robertson, Mark Lester Ranchez, Tanya Shirazi, Stephen Brown, Holly Bartlett"
ENG,211,Intro to Linguistics,Amber Featherstone
ENG,231,World Literature I,", Miranda Hannasch, Scott Hollifield, Carly Hunter, Philip Rusche, John Quinn"
ENG,232,World Literature II,", Eryn Green, Akim Golubev, Amy Green, John Quinn, Emily Setina"
ENG,261,Intro Poetry,Christopher Decker
ENG,290,Intro Afric-Amer Lit,Briana Whiteside
ENG,298,Writing About Literature,", Daniel Erwin, Stephen Brown"
ENG,303,Literary Theory/Criticism,"Jessica Teague, Emily Setina, Beth Rosenberg"
ENG,401A,Advanced Composition,", Dominque Conway"
ENG,407A,Fund Bus Writ,", Nanette Hilton, Amy Kaufman, Jeffrey Jablonski, Amber Featherstone"
ENG,407B,Fund Tech Writing,", MELISSA CARRION, Amy Kaufman, Cody Gambino, Amber Featherstone, Ann Villanueva"
ENG,411B,Prin Mod Grammar,"Edwin Nagelhout, Homer Simms"
ENG,451B,American Literature II,", Steven Sexton, Claudia Keelan, Vincent Perez"
ENG,481B,Modern Comparative Lit,Christopher Decker
ENG,611B,Prin Mod Grammar,Edwin Nagelhout
ENV,101,Env Science,"Michael Dwyer, Krystyna Stave"
EOH,601,Toxicology,Melissa Marshall
EOH,645,Food and Health,"Kelly Webber, Sheila Janofsky"
EOH,705,Social Epidemiology,Erika Marquez
EOH,707,Practice of Public Health,", Maxim Gakh"
EOH,710,Fund Public Health,Courtney Coughenour
EOH,747,Infectious Disease,Bertille Mavegam Tango
EOH,750,Healthcare IP Programs,David Woodard
EPP,762,Intermediate Prac,"Katherine Lee, Michelle Zochowski-Tullio"
EPP,763,Psychoedu Acad Assess,"Katherine Lee, Michelle Zochowski-Tullio"
EPP,764,Ethics Seminar,Lara Conrad
EPP,771,Research Practicum,", Samuel Song, Scott Loe"
EPP,778,Bio Aspects,Justin Barterian
EPP,784,Supervision and Teaching,", Samuel Song"
EPP,786,First Year Practicum,Patrice Leverett
EPP,794,Doc Internship,", Patrice Leverett"
EPY,303,Educ Psychology,", Ebenezer Belete, Michael Van Winkle, Monica Johnson, Megan Cogliano, Edward Nussbaum"
EPY,451,Educational Assessment,", Michael Van Winkle"
EPY,702,Research Methods,", Chelsie Hawkinson, Megan Cogliano, Amanda Hoffman, Nathan Slife, Hanem Shehab, Rebecca Nathanson"
EPY,707,Adolescent Development,Lori Olafson
EPY,709,Classroom Assessment,", Megan Cogliano"
EPY,711,Human Growth & Developmnt,"Megan Cogliano, Lisa Bendixen"
EPY,718,Qual Research Methodolog,"Stefani Relles, Ung-Sang Lee, Lori Olafson"
EPY,721,Intro Desc Infr Sta,"Amanda Hoffman, Sean Mulvenon, Alice Corkill"
EPY,726,Adv Eval Rsh Method,Kristine Bragg Zizza
ESP,701,Intro to Sp Ed & Leg Iss,", Nicole Rickert, Heather Van Ness, Karen Berrios Benavides"
ESP,706,Adv Ed Strat Em D,Heather Van Ness
ESP,708,Adv Ed Strat Students Dis,Jessica Alley
ESP,710,Data Ind MTSS,", Kendra Antill, Robert Smith"
ESP,719A,Adv Oral & Writ Stud Dis,Marley Collins
ESP,724,Math Meth in Spec Educ,"Monica Brown, Robby Robinson"
ESP,727,Tech in Special Education,Travis Hammond
ESP,730,Parent Involv Sp & Gen Ed,", Robby Robinson, Alex Faucheux, Christine Baxter"
ESP,733,Mgt/Mod of Students,Scotia Hammond
ESP,763,Sem Sel Sp Ed Topic,Heather Van Ness
FAB,200,Sustainable Food Tourism,Christine Bergman
FILM,100,Intro to Film,"Jason Edmiston, Rodabeh Boroumand, Dale Melgaard"
FILM,410,Maj Fig in Cinema,"Francisco Menendez, Rodabeh Boroumand, Dale Melgaard"
FILM,450,Adv Directed Studies in Film,Charles Burmeister
FILM,497,Genre Stds in Film,"Kynan Dias, Jason Edmiston, Rodabeh Boroumand, Charles Burmeister, Yvonne Houy-Kilker, Heather Addison, Dale Melgaard"
FIN,301,Prin of Managrl Fin,"Yousif Muradian, Jianzhong Zhang"
FIN,303,Inter Managral Fin,"Ming Shou, Susan Gould"
FIN,435,Financial Modeling,Steven Ho
FIN,709,Applied Topics in Finance,Ming Shou
GAM,225,Intro to Gaming Mgt,Laurence Morrow
GEOG,103,Phy Geog of Earth's Env,", Racheal Johnsen, Kelsy Konkright, Rachel Rahib"
GEOG,104,Physical Geog Lab,", Racheal Johnsen, Kelsy Konkright"
GEOL,100,Natural Disasters,"Gabriel Judkins, , Dawn Reynoso"
GEOL,101,Exploring Planet Earth,", Michael Nicholl, Dawn Reynoso, Rachel Rahib"
GRC,210,Typography I,Amanda Gates
GRC,250,Design & Media Studio I,Jungyun Son
GRC,270X,History of Graphic Design,Roxanne Farrar
GRC,320,Design Methods and Research,"Charles Schlink, Ashley Doughty"
GSC,100,First Year Seminar,", Kirsten Dinicola"
GSC,300,GCUA SYS: Civic Engagement,"Cassandra Boyer, , Natalie Wallenfang, Mari Sakiyama, Ivet Aldaba, Darwin Morgan, Celestina Tarin, Jordan Donohue, Megan Giovannini, Tanya Dudinskaya, Kaylee Faria, Cassidy Bowman"
HCA,175,U.S. Healthcare System,"Jay Shen, Anita Tanner, Betty Burston, Erin Rosenberg, Zahra Mojtahedi"
HCA,201,Healthcare Law,Sheila Evans
HCA,202,Epidemiology for HCA,"Karen Callahan, Ann Vuong, Timothy Bungum"
HCA,203,Diversity and US Hlthcare,", Pearl Kim, Betty Burston"
HCA,205,Intro to Health Econ,", Yonsu Kim, Yeunkyung Kim"
HCA,216,Fundamental of Accounting,Yonsu Kim
HCA,299,Leading in Hlthcare Envir,", Anita Tanner"
HCA,300,Mgmt Hlth Serv Orgs,"Maire Simington, Soumya Upadhyay"
HCA,302,Healthcare Finance,"Yonsu Kim, Chris Papesh"
HCA,308,Health IS Management,Chris Papesh
HCA,330,Strategic Planning,Maire Simington
HCA,401,Pre-Practicum in HCA,Bobbie Trude
HCA,403,Managed Care,Chris Papesh
HCA,404,H.R.Mgmt: HC Orgs,Kendrick Russell
HCA,701,US Healthcare System,", Neeraj Bhandari"
HCA,702,Epi Hlth Srvs Mgt,Ann Vuong
HCA,717,HR Mgt of Healthcare Orgs.,", Kurt Houser"
HED,607,Stress Management,Charles Regin
HED,629,Education for Sexuality,"Raymond Rodriguez, Amanda Morgan"
HED,635,Hlth Studies Drugs,"Timothy Grigsby, Sheila Janofsky, Raymond Rodriguez, YING GUO"
HED,761,Health Disparities,Christopher Johansen
HIST,100,Hist Issu Contem Society,"Colin Loader, Deborah Rayner"
HIST,101,US Colonial Times to 1877,"Kristen Phipps, , Maria Casas, Elizabeth Nelson, Michael Alarid, Michelle Turk, Liberty Peterson, Cian Mcmahon, Aaron Wilkinson"
HIST,102,U.S. Since 1877,"Deirdre Clemente, Christina Lamoureux, Paige Figanbaum, Liberty Peterson, Neil Dodge, Todd Robinson"
HIST,103,Global Prblms in History,"Carlos Dimas, Austin Dean, Marie Winkelmann, Teddy Uldricks, Jeffrey Schauer"
HIST,110,Hist of Multi in America,"Norma Flores, Michael Alarid, Neil Dodge, Todd Robinson"
HIST,209,World History II,John Curry
HIST,217,Nevada History,Michelle Turk
HIST,228,Latin Amer Hist & Cult II,Carlos Dimas
HIST,367,The Holocaust Euro Set,Norma Flores
HIST,388,Great Personalities Hist,Teddy Uldricks
HIST,410B,Am Cultrl Intell Hist II,Deborah Rayner
HIST,444,Latinos in the Amer West,Maria Casas
HIST,449B,Hist of Japan Since 1800,Edgar Weir
HIST,644,Latinos in the Amer West,Maria Casas
HIST,649B,Hist of Japan Since 1800,Edgar Weir
HMD,101,Foundatns of Hospitality,"Gail Sammons, Laurence Morrow, Barbara Richards"
HMD,120,Intro Hosp Customer Exper,"Gail Sammons, Sherrie Tennessee, Finley Cotrone, Joseph Mckay"
HMD,130,Fundamentals F&B Oper,"Audrey Alonzo, Jai Choung, Mohsen Azizsoltani, George Alonzo"
HMD,200,Hospitality Milestone,Roberta Barnes Webb
HMD,204X,Hotel Operations,Whitney Mulaj
HMD,205,Hospitality HR Management,"Gail Sammons, Laura Book, Michael Gebhart"
HMD,220,Facilitating Customer Exp,"James Busser, Barbara Richards, Patricia Coaley"
HMD,221,Hospitality Financial Acc,Zihui Ma
HMD,225,Hospitality Leadership,"Todd Uglow, Kweisi Ausar"
HMD,226,Hospitality IT,Mehmet Erdem
HMD,256,Employee Compensation,Dana Cotham
HMD,305,Hospitality Org Behaviors,"Patricia Coaley, Gail Sammons, Kweisi Ausar, Joseph Mckay"
HMD,310,Hospitality Ops & Emp Law,Michael Gebhart
HMD,330,Hosp Purch/Cost Control,"Gina Marano, Carola Raab, Mohsen Azizsoltani"
HMD,340,Hosp Financial Analysis,"Jungsun Kim, Ozgur Ozdemir, Saeed Hasanzadeh Vayghan"
HMD,350,Hospitality Marketing,"Seyhmus Baloglu, Babu George, Barbara Richards, Xiucheng Bai"
HMD,395,Facilities Management,James Lessnick
HMD,400,Immersive Culminate Exp,Roberta Barnes Webb
HMD,405,Hospitality Strategic Mgt,"Dana Cotham, Laura Book"
HMD,410,Integrated Resorts CE,"Jeffrey Yedlin, Mark Grzankowski"
HMD,440,Rev Mgmt & Profit Optmize,"Amanda Belarmino, Barbara Richards, Soyeon Jung"
HMD,480,Hosp Industry Projects,"Cameron Scharchburg Beyer, Barbara Richards, Samuel Lee"
HOA,717,Princ & Pract Conv/Meet,Inna Soifer
HOA,730,Stats Analysis for Hospitality,Ashok Singh
HOA,751,Hosp Service Mgmt,Samuel Lee
HOA,752,Adv Hosp Mgt I,Laura Book
HOA,753,Adv Hosp Mgt II,Zihui Ma
HOA,768,Hosp Leadership I,Patricia Coaley
HON,100,Honors Rhetoric,"Heather Lusty, Michael Chin, Jaclyn Costello, William Doyle"
HON,110,World Thought,Heather Lusty
HON,115,Global Issues,"Michelle Turk, Joanna Kepka"
HON,430,Special Topics Seminars,"Heather Lusty, William Doyle, Joanna Kepka, Oksana Marafioti"
HON,440,Special Topics Seminars,"Heather Lusty, Michelle Turk"
HSC,100,Intro to Academ and Sch in HSC,"Kit Yee Leung, Kayla de Guzman, Jeremy Meronuck"
HSC,103,Intro to OT,Teresa Liccardo
HSC,700,Statistics I,Richard Tandy
HSC,706,Writing and Communication,Brian Schilling
IDS,201,Interdisciplinary Studies,"Constancio Arnaldo, Sheila Bock"
IDS,494,Interdisciplinary Inquiry,"Tanachai Padoongpatt, Kendra Gage, Sheila Bock"
IDS,495A,IDS Capstone,"Tanachai Padoongpatt, Kendra Gage"
INTM,5000,High Value Care,
IPSM,606,College Athletic Admin,Lisa Kelleher
IS,101,Intro to Info Systems,", Andrew Hardin, Cha Jan Chang, Justin Griggs"
IS,330,Tech and Innovation,"Kenneth Peffers, Cha Jan Chang, Michael Sherwood, Christopher Craig"
IS,335,Business Analytics,"Marcus Rothenberger, Rajiv Kishore, Sutirtha Chatterjee, Justin Griggs, Huston Pullen"
IS,380,Object-Oriented Program,Sutirtha Chatterjee
ITAL,113,Elementary Italian I,"Michelina Ginobbi, Giuseppe Natale"
ITAL,114,Elementary Italian II,MARINA COLACICCHI
JMS,613,History of Journalism,Gregory Borchard
JMS,650,Media Innov and Society,David Nourse
JOUR,107,Media: Foundations,Denitsa Yotova
JOUR,207,Media: Words and Numbers,Todd Witcher
JOUR,209,Mobile Storytelling,Jon Castagnino
JOUR,211,Storytelling and Design,Todd Witcher
JOUR,310,Advanced Reporting,Gregory Borchard
JOUR,401,1st Amendment & Society,", Stephen Bates"
JOUR,411,Digital Newsroom,Michael Easter
JOUR,413,History of Journalism,Gregory Borchard
JOUR,435,Mass Comm Rsrch Methods,"Julian Kilker, Linda Dam"
JOUR,450,"Media, Innovation, & Soc",David Nourse
JOUR,475,Global Media,Denitsa Yotova
KIN,170,Intro Kinesiology w/Lab,"Christian Haugen, Leonardo Lozano"
KIN,175,Physical Activity and Health,Dawn Borjas
KIN,200,Stats for the Health Sci,"Jennifer Scharf, Andrew Hooyman, Richard Tandy"
KIN,223,Human Anatomy and Physiology I,"Charli Aguilar, Van Whaley"
KIN,224,Human Anatomy & Physiology II,"Charli Aguilar, Van Whaley"
KIN,245,Anat Kinesiology,"Kara Radzak, James Navalta, Maria Gomez-Mejia, Jeremy Haas, Michael Wong"
KIN,261,Phys Activity in Aging,Vaune Kadlubek
KIN,316,Motor Devel Acrs Lifespan,"Harjiv Singh, Vaune Kadlubek, Christian Haugen"
KIN,350,Soc Psych of Physical Activ,"Sharon Jalene, Catherine Brotman"
KIN,408,Sci Basis Strength Devel,Bracher Poston
KIN,411,1st Resp & Mil Human Perf,"Brian Schilling, Kathryn Bell"
KIN,414,Enhance Mental/Motor Abil,"Harjiv Singh, Maria Gomez-Mejia"
KIN,424,KIN PRO DEV,"Tony Terrell, Emmanuel Ayim"
KIN,465,Neurophys of Mvmt,Bracher Poston
KIN,496X,Advanced Clinical Anatomy,Kara Radzak
KIN,611,First Resp & Military Perf,Brian Schilling
KIN,751,Sel App Stat Tech I,Richard Tandy
KIN,754,Health Sci Writing and Comm,Brian Schilling
LAS,100,Intro Latina/o Studies,"Briceida Hernandez-Toledo, Susana Sepulveda, Todd Martinez, David Barragan"
LAS,101,Intro Latin American Stud,"David Barragan, Sondra Cosgrove"
LDE,313,Leadership & Soc Justice,Argie Mendoza
MATH,20B,Learning Support MATH120E,Adam Koebke
MATH,24B,Learning Support MATH124E,Libo Zhou
MATH,26B,Learning Support MATH 126,Raymond Ahn
MATH,120,Fund Coll Math,"Adam Koebke, Jacob Blanton"
MATH,120E,Fund College Math w Coreq,Adam Koebke
MATH,124,College Algebra,", Libo Zhou"
MATH,124E,College Algebra Expanded,Libo Zhou
MATH,126,Precalculus I,"Raymond Ahn, George Buch"
MATH,126E,Precalculus I Expanded,Raymond Ahn
MATH,127,Precalculus II,Tim Meagher
MATH,132,Finite Mathematics,", Pejmon Sadri"
MBA,761,Accounting for Managers,Ikseon Suh
MBA,769,Applied Econ Analysis,Bradley Wimmer
ME,319,Intro Prog for Mech Eng,Woosoon Yim
ME,337,Engr Measurements,Alexander Barzilov
ME,755,Nuclear Criticality Safety Eng,Charlotta Sanders
ME,757,Rad Monitoring Safeguards,Alexander Barzilov
MED,4000,Patient Script Writing,
MGT,301,Prin Mgt & Organ Beh,"Kirk Silvernail, Sheng Wang, Virgil Fenters, Ashley Weckesser"
MGT,302,Small Business Management,"HILLARY FRASER, James Martin"
MGT,371,Leadership & Managerial Skills,"Victor Isbell, Richard Gardner, Kirk Silvernail"
MGT,492,Adv Org Behavior,"Arezou Harraf, Richard Gardner"
MGT,494,Seminar in Management,Payal Sharma
MGT,497,Business Plan Creation,"Hans Rawhouser, Holland Wood"
MHA,603,Hum Res & Beh Hosp,"Gail Sammons, Laura Book"
MHA,604,Hospitality Org Beh Issues,Gail Sammons
MHA,622,Sociology of Gambling,Daniel Sahl
MHA,627,Gaming Technologies,Mehmet Erdem
MHA,635,Research Methods,"Amanda Belarmino, Barbara Richards"
MHA,640,Marketing Systems,"Tony Henthorne, Patricia Coaley"
MHA,646,Essentials of Negotiation,Todd Uglow
MHA,651,Hospitality Service Management,Roberta Barnes Webb
MHA,663,Current Trends in Gaming Ops,Trent Dang
MHA,681,Independent Study and Research,"Finley Cotrone, Patricia Coaley"
MHA,788,Professional Paper,Christine Bergman
MIL,264,US Military Hist 1770-Present,Charles Dickinson
MIS,761,Business Analytics Mtds,Miyeon Jung
MIS,769,Big Data,Michael Lee
MKT,747,Global Digital Mktg. Strategie,Anjala Krishen
MKT,777,Services Marketing,Elena Pomirleanu
MUS,101,Music Fundamentals,"Stephanie Council, Erin Wente, Shawna Pennock"
MUS,121,Music Appreciation,"Resilda Lala, Richard Miller, Taylor Crawford, Marta Plominska, Ivan Ivanov"
MUS,125,History Rock Music,"Yupeng Wei, Dean Gronemeier, Ryan Bond, Gabriela Ordonez Villalobos, Timothy Jones, Kyle Bissantz, Kevin Johnson, Sam Wetzel"
MUS,131,Intro to Music Lit,Jonathan Lee
MUS,139E,Music Tech for Educators,Gilbert Kaupp
MUS,346,Jazz & Comm History II,Juan Mata-Alvarez
MUS,640,Found Prin Mus Educ,Eugenie Burkett
MUS,641,Studies Mus Curr,Eugenie Burkett
MUS,672,Research Proj in Music Ed,Amy Brown
MUS,719,Tchg Mus in Higher Ed,Richard Miller
NURS,140,Medical Terminology,"Leland Rockstraw, , Melva Thompson-Robinson, Karen Eisenberg, James Stimpson"
NURS,200,Stats for the Health Sci,", Du Feng"
NURS,299,Nutr Devel Lifespan,", Mina Attin, Dianne Cyrkiel, Kathleen Thimsen, Dieu-My Tran, Karen Eisenberg, Jennifer Pfannes"
NURS,306,Pathopharm I,", Mary Bondmass"
NURS,320,Pathopharm II,"Nirmala Lekhak, Angela Silvestri-Elmore, , Mary Bondmass"
NURS,325,Prof Communication,", Roseann Colosimo"
NURS,420,EBP and Research in Nsg,"Kathryn Woeber, Dieu-My Tran, Hyunhwa Lee"
NURS,710,Eval Strat for Nsg Ed,Necole Leland
NURS,711,Informatics and Qual Improve,"Andrew Reyes, Catherine Dingley, Leland Rockstraw, Susan Vanbeuge"
NURS,718,"Organizational Management, NPs",Susan Vanbeuge
NURS,730,Adv Pharm and Gen II,"Cheryl Maes, Alena Grewal"
NURS,733,Nursing Education Practicum I,Mary Bondmass
NURS,740R,FNP Adult and Women's Health,"Minnie Wood, Cheryl Maes, Alena Grewal, Imelda Reyes, Aaron Bellow"
NURS,768,DNP Forum,Susan Vanbeuge
NURS,779,Grant Writing,Candace Burton
NURS,785,Sp Topics Nurs Research,", Candace Burton"
NURS,788,DNP Project,", Kathleen Thimsen, Leslie Jeter"
NURS,794,PMHNP I,Rhigel Tan
NURS,797,Dissertation,", Roseann Colosimo, Reimund Serafica, Candace Burton, Jinyoung Kim, Jennifer Vanderlaan, Du Feng, Andrew Reyes, Angela Silvestri-Elmore, Rebecca Benfield, Hyunhwa Lee"
NUTR,121,Human Nutrition,"Leah Hanson, Laura Kruskall, Lisa Victorine, Dawn Matusz, Samantha Coogan"
NUTR,301,"Nutr,Health & Ethn Issue",Samantha Coogan
NUTR,311,Nutrition Assessment,Leah Hanson
NUTR,311L,Nutrition Assessment Lab,Leah Hanson
NUTR,326,Principles of Food Science,Dawn Matusz
NUTR,340,Intro Sports Nutr,"Laura Kruskall, Samantha Coogan"
NUTR,408,"Nutrition, Food & Policy",Dawn Matusz
NUTR,427,Med Ntr Therapy II,Samantha Coogan
NUTR,431,Seminar in Nutrition,Laura Kruskall
NUTR,450,Nutritional Pathophysiology,Leah Hanson
NUTR,631,Seminar in Nutrition,Laura Kruskall
NUTR,794,Prep for prac nutr diet,Laura Kruskall
OCT,705,Distance Education,Janeene Sibla
OCT,711,Capstone II,Janeene Sibla
PAF,713,Research in Public Affairs,Magdalena Martinez
PBH,165,Pers Hlth Acrs Lifespan,", Kathleen Ksobiech, Sanae El Ibrahimi, Charles Regin, Justin Keane"
PBH,200,Multicultural Health,"Kathleen Ksobiech, Jose Melendrez"
PBH,202,Intro Epidemiology,"Karen Callahan, Ann Vuong, Timothy Bungum"
PBH,205,Intro to Public Health,", Helena Berlin, Courtney Coughenour, Jennifer Pharr, Emylia Terry, Timothy Bungum, Krystal Kittle, Kathleen Ksobiech, Sheila Janofsky, Aaron Hunt, Douglas Taylor, Kelly Webber, Keishmer Cardoso, Aishia Henderson, Karen Callahan, Ann Vuong, vincent quiroz, Noehealani Bareng-Antolin, Diane Samuel"
PBH,210,Principles of Health Promotion,", Kelly Webber, Jason Flatt"
PBH,225,History of Public Health,"Kathleen Ksobiech, Timothy Bungum"
PBH,330,Global Health,"Jennifer Pharr, Louisa Messenger"
PBH,340,Built Environment and Health,Alyx Phillips
PBH,365,Pub Hlth Biostatistics,Jihye Kim
PBH,407,Stress Management,Charles Regin
PBH,424,Tching Elem School Health,"Carissa Wolff, Jennifer Shaps"
PBH,429,Education for Sexuality,"Raymond Rodriguez, Amanda Morgan"
PBH,435,Hlth Studies Drugs,"Timothy Grigsby, Sheila Janofsky, Raymond Rodriguez, YING GUO"
PBH,440,Prgm Plan and Eval,Amanda Haboush-Deloye
PBH,445,Food and Health,"Kelly Webber, Sheila Janofsky"
PBH,460,Human Ecology,Melissa Marshall
PBH,495,Capstone,Charles Regin
PED,307,Eval Phys Ed,Chia-Liang Dai
PEX,156,Body Weight Bootcamp,Micah Kidd
PEX,161,Pilates I,Courtney Burk
PGM,178X,Intro to Club & Golf Mgmt,Brian Jones
PGM,462,PGM Internship IV,Brian Jones
PHIL,101,Intro to Philosophy,"Kenneth Hochstetter, Jasmin Ozel, Jaywilliam Honenberger, Jesse Fitts, Allison Roth, Keith Hess, John Ludes, Amy Reed-Sandoval"
PHIL,102,Crit Thinking & Reasoning,"Ronald Wilburn, Sandeep Dhillon, Robert Shanab, James Wallis, Jaywilliam Honenberger, Christopher Sevier, Gerald Voltura, Shuktika Chatterjee, Marlisa Moschella, Shandon Guthrie, Norman Rauls, John Ludes, Ian Dove, Erik Lindland"
PHIL,114,Intro to Symbolic Logic,"Preston Stovall, Sandeep Dhillon, Jasmin Ozel"
PHIL,124,Phil Tradit of Asia,"Shuktika Chatterjee, Sandeep Dhillon"
PHIL,130,Topics in Phil/Relgn,"Ronald Wilburn, Jasmin Ozel"
PHIL,135,Intro to Ethics,"Allison Roth, Cheryl Abbate"
PHIL,203,Existentialism,Erik Lindland
PHIL,242,Ethics Engners/Scientists,"Jason Matteson, James Broucek, Cheryl Abbate, John Min, Beth Seacord, Erik Lindland"
PHIL,249,Environmental Ethics,"Ronald Wilburn, Jaywilliam Honenberger"
PHIL,422,Advanced Logic,"David Beisecker, Jesse Fitts"
PHYS,151A,General Physics I,Timothy Porter
PHYS,151L,General Physics I Lab,Rachel Ellis
PHYS,152A,General Physics II,Timothy Porter
PHYS,152L,General Physics II Lab,Rachel Ellis
PSC,100,Nevada Constitution,", Autoosa Kojoori, Jeremy Bowling, Donald Mirjanian, Melanie Young, Martha Phelps, Nerses Kopalyan"
PSC,101,Intro Amer Politics,", Jeremy Bowling, Daniel Lee, Katherine Eugenis, Martha Phelps, Nerses Kopalyan, David Damore, Tiffiany Howard"
PSC,211,Intro to Comparative Politics,"Jeremy Bowling, Christian Jensen"
PSC,231,Intro to Int'l Relations,"John Tuman, Nerses Kopalyan, Jeremy Bowling"
PSC,332,Judicial Process,Rebecca Gill
PSC,405U,International Security,Tiffiany Howard
PSC,407E,Politics in Latin America,John Tuman
PSC,499,Senior Seminar,Rebecca Gill
PSY,101,Gen Psych,"Lianne Barnes, Amanda Mraz, Melanie Rede, Michelle Strong, Jackson Pelzner, Kevin Mohawk, Karolyne Stucki, Samantha Sherwood, Raymond Lopez, Rhiannon Soriano Smith, Kirsty Kulhanek"
PSY,200,Intro to the Psychology Major,"David Copeland, Amanda Mraz"
PSY,210,Intro Statistical Methods,"Joanne Ullman, Russell Hurlburt"
PSY,240,Research Methods,"Melissa Gregg, Joanne Ullman, Andrea Fink-Armold, Gloria Wong, Ashley Poston, Andrew Cummings"
PSY,303,Foundations of Neuroscience,"Julia Maietta, Amanda Pasinski"
PSY,305,Foundations of Perception,"Melissa Gregg, Meghan Pierce, Andrea Kayl, Antonia Vitela-Elliott"
PSY,308,History of Psychology,"Melissa Gregg, Stephanie Verba-Quinones"
PSY,316,Foundations of Cognitive Psych,"Brian Uldall, Stephanie Verba-Quinones, Krystal Kamekona-Mendoza, Kirsty Kulhanek"
PSY,330,Dev Psy: Infant and Child,"Jared Leslie, Melissa Gregg, Michelle Strong, Andrea Kayl, Rodica Constantine, Jennifer Rennels, Margaret McMullin"
PSY,334,Dev Psy: Adol & Adult,"Andrew Cummings, Lianne Barnes"
PSY,341,Abnormal Psychology,"Christopher Kearney, Mirae Fornander, Samantha Sherwood, Nicole Short"
PSY,350,Intro Industrial/Org Psy,Jeannine Klein
PSY,360,Foundations Social Psychology,"Taylor Oliver, Andrea Fink-Armold, Brian Uldall, Amber Williams, Murray Millar, Anthony King"
PSY,420,Psychology Learning,Amanda Pasinski
PSY,431,Multicultural Psych,"Gloria Wong, Lianne Barnes"
PSY,433,Culture and Pers,Paul Nelson
PSY,442,Psychology of Aging,"Jeannine Klein, Brenna Renn, Amanda Pasinski"
PSY,446,Human Neuropsychology,Janice Mcmurray
PSY,466,Dimensions of Human Sexuality,"Taylor Oliver, Renato Liboro"
PSY,470,Health Psychology,Andrew Cummings
PSY,481,Prin Psy Assessment,"Julia Maietta, Daniel Allen"
PSY,490,Capstone Psych,"Krystal Kamekona-Mendoza, Paul Nelson, Andrea Fink-Armold, Michelle Strong, Andrea Kayl, William Ridgway, Andrew Cummings"
PUA,701,Governance & Urban Community,", Kirsten Dinicola"
PUA,703,Sem Organiz Theory,", Kirsten Dinicola"
PUA,705,Public Goods and Public Financ,Jayce Farmer
PUA,723,Research Methods,", Lawrence Mullen"
PUA,776,Development for Npos,Brittany Dupree
RADG,2000,Radiology Learning Modules,
SCM,352,Operations Mgmt,", Michael Mejza, Keah-Choon Tan"
SOC,101,Principles of Sociology,", Christie Batson, Camisha Fagan, Joshua Corum, Dante Miller, Stephanie Landeros, Jennifer Stevens, Jaimee Nix, Maria Hermosillo, Jared Weissman, Barbara Brents, Cassaundra Rodriguez, Elizabeth Lawrence, Jeannette Hernandez, Kerie Francis, Josiah Kidwell, Aiemie Pace, Daniel Okamura, Foster Kamanga, Robert Parker, Celene Fuller"
SOC,102,Contemporary Socl Issues,"Courtney Carter, Robert Parker"
SOC,403,Tech Soc Research,"Lillian Jungleib, Christie Batson, Elizabeth Lawrence"
SOC,413,Sociology of Sport,Robert Futrell
SOC,431,Crime Crim Behavior,"Jason Scott, Chenghui Zhang"
SOC,441,Social Inequality,"Christian Lewis, Jeannette Hernandez"
SOC,447,Marriage and Family,", Christie Batson, Allison Sahl, Cassaundra Rodriguez, Fatima Suarez, Kerie Francis"
SOC,449,Sex and Soc Arrang,", Joshua Corum"
SOC,466,Soc of Medicine,Tirth Bhatta
SOC,469,Global Migrations,Robert Parker
SOC,474,Sociology Religion,"Josiah Kidwell, Michael Borer"
SOC,489,Capstone Sociology,Christie Batson
SPAN,113,Elementary Spanish I,Victor Sanchez
SPTM,420,Internship Sport Mgt,Michelle Coyner
SW,101,Intro to Social Work,"Delayna Tonogan, Toni Chance, Zona Thompson, Caleb Orton, Cheryl Johnston"
SW,315,Human Behv & Soc Envirn I,"Ivet Aldaba, Cheryl Johnston"
SW,475,Treatment of Addictions,An-Pyng Sun
SW,675,Treatment of Addictions,An-Pyng Sun
SW,703,Social Welfare Policy II,Vicky Albert
SW,726,Swk Research II,An-Pyng Sun
SW,730,Macro Theory and Practice,Stephen Anderson
SW,750,Dir Prac II,Anne Abruscato
SW,765,Financial Management,Thomas Mclaughlin
SW,770,Mcp II,Vicky Albert
SW,778,Trauma-informed Practice,Anne Abruscato
SW,782,TIP Policy,Cheryl Johnston
SW,790,TF Family-based Practice,Anne Abruscato
TCA,311,Event Sales & Marketing,Heather Willden
TCA,331,Asian Tourism,"Garrett Harper, Christine Bergman"
TCA,449,International Tourism,"Tony Henthorne, Barbara Richards, Solbi Lee"
TESL,752,Methods and Curriculum for ELs,"Pamela Madrid, , Wendy Dunn-Gammarano"
TESL,759,EL Seminar,Sharolyn Pollard-Durodola
ULD,720,Urban Governance,"Layke Martin, "
ULD,722,Urban Issues,Timothy Burch
ULD,735,Desgn Thinkng for Urban Issues,"Shauna Guillen, "
ULD,742,Soc Media and Comm Tech,Benjamin Morse
ULD,754,Collaborative Leadership,", Brian Elms"
ULD,780,Legacy Project,"Shauna Guillen, "
URST,241,Govern in the United States,", Miranda Barrie, Traci Decker"
URST,301,Theories Urb Com,", Karen Danielsen-Lang"
URST,303,Intro to Urb and Dem,", Zohreh Bang Tavakoli"
URST,305,Data Analysis for URST,", Helen Neill"
URST,310,Urban Policy Analysis,Eddie Estrada
URST,405,Diverse in URB AM,", Joshoel Ortega"
URST,425,Pub Resources Management,Cameo Prado
URST,441,Intergov in Urban Studies,Christopher Stream
URST,498,URST Capstone,", Helen Neill"
WMST,101,Intro to Women's Studies,"Valerie Taylor, Danielle Roth-Johnson, Sreshtha Sen, Lynn Comella, Cody Gambino, Claudia Chiang-Lopez"
WMST,113,"Gender, Race, & Class","Juan Espinoza, Valerie Taylor, Marilyn Delmont, Andre Wade, Constancio Arnaldo, Niccole Ariegwe, Javon Johnson"
ANTH,103,Evolution of Everything,Brian Villmoare
ANTH,400C,Southwest Native Americans,Karen Harry
ANTH,422,Psychological Anth,William Jankowiak
ANTH,436,History of Anthro,"Nicholas Barron, Pierre Lienard"
ART,107,Design Fund I,", Sean Slattery"
ART,266,Survey of Art History III,
ART,436,Alternative Photo Process,
ART,480*,Art of China,
ART,481,Art of Japan,", Aya Mcdonald"
CED,250X,School Based MH Careers,Kimberly Tureaud
CED,310,Lifespan Relationships,
CED,315,Counsel Skills in Svcs,Tam Villar
CED,375,Eth/Prof Issues Hum Serv,
CED,701,Intro to Counseling,
CED,704,Grief and Loss Counseling,
CED,722,Intro to Child Coun Play Thrpy,
CED,731,MSJC,
CED,732,Adv Multi Counseling,
CED,735,Addictions Counseling,
CED,736,Human Sexuality,
CEE,468,GIS Applications Civil Eng,", Haroon Stephen"
CEE,482,Design Timber Structures,Christopher Parker
CEE,668,GIS Appl in Civil Engr,", Haroon Stephen"
CEE,682,Design Timber Structures,Christopher Parker
CEE,695,Special Topics,
CFT,350,Human Sexuality,Tamara Zenner
CIE,629,Curr Dev Elem Math Educ,Travis Olson
CIG,602,Differentiated Curr&Instr,Michelle Arroyo
CIG,649,Soc Studies Educ Seminar,Gregory Levitt
CIG,684,Data Literacy,Jori Beck
CIG,687,Coaching Practices,Peter Wiens
CIG,720,Prin Mathematics Learning,Travis Olson
CIG,782,School Climate,
CIG,783,Thry Resch Sch Math,Travis Olson
CIG,787,Indv Inst Elem Math,Micah Stohlmann
CIL,600,Tpc Lit Educ,April Douglass
CIL,641,Instr Eng & Lang Arts,Kenneth Varner
CIL,684,Multicultural Literature,
CIS,629,Curr Dev Sec Math Educ,Travis Olson
CIT,649,Instr Mthd Computer Appl,Kendall Hartley
CIT,651,Instr Mthds Cmptr Science,Kendall Hartley
CME,705,Multicultural Education,Christine Clark
COM,317,Organizational Comm,"Rebecca Rice, Laura Martinez"
COM,318,Audience Communication,Emma Bloomfield
COM,328,Interviewing & Self Present,Rebecca Rice
COM,404,Prin of Persuasion,"Emma Bloomfield, Donovan Conley"
COM,604,Prin of Persuasion,Emma Bloomfield
CPE,200,Digital Logic Design II,
CPE,200L,Digital Logic Design II Lab,
CPE,300,Dig Sys Arch & Des,
CPE,302,Syn and Verify using PDs,
CPE,407,Biometrics & Machine Learning,
CRJ,164,Princ of Investigation,", Megan Sloan"
CRJ,405,Hist of Crim Just,
CRJ,411*,Comparative Crj Sys,
CRJ,450,Sem in Crim Justice,", Joshua Donnelly"
CRJ,460*,Pub Pol Crime Crim Just,
CRJ,480,Law & Social Control,
CS,202,Computer Science II,Paul La Plante
CS,437,Building Apps in the Cloud,Fatma Nasoz
CS,437,Building Cloud Apps,Fatma Nasoz
CS,443,Information Assurance,", Ju-Yeon Jo"
CS,637,Building Apps in the Cloud,Fatma Nasoz
CS,643,IInformation Assurance,", Ju-Yeon Jo"
CSEC,600,Intro to Cybersecurity,Ju-Yeon Jo
CSEC,734X,Cyber at US Level,Nicholas Multari
ECE,709,Invstg E Chldhd Ed,Jeffrey Gelfer
ECEM,735,Cyber Lab,
ECG,607,Biometrics,
ECO,502,Intermed Microeconomics,Andrew Bibler
ECO,641,Intro to Econometrics,Ian Mcdonough
ECON,262,Principle Statistics II,Djeto Assane
ECON,302,Intermed Microeconomics,Andrew Bibler
ECON,441,Intro to Econometrics,Ian Mcdonough
EDEL,495,Elem Education Topics,
EDH,703,Hist Am Higher Ed,", Blanca Rincon"
EDH,732,Read Adm of Hgr Ed,
EDRL,425,Tch Writing Sec Schls,Mark Rincon
EDSC,413A,Teach Sec Arts: Art,Chad Scott
EDSP,464,Int Inst through MTSS,
EDW,539,Methods Teach Workforce Ed,Denise Burton
EDW,575,Performance-Based Education,Xue Xing
EDW,692,DEIA in Career Education,Xue Xing
EDW,768,Grants in Education,Xue Xing
EDWF,439,Gen Meth Workforce Ed,Denise Burton
EDWF,475,Career Dev & Wrk Bsd Strt,Xue Xing
EE,221,Circuits II,
EE,221L,Circuits II Lab,
EE,320,Electronics I,
EE,320L,Electronics I Laboratory,
EE,360,Signals & Systems I,
EE,361,Signals and Systems II,
EE,370,Control Systems I,
EE,450,Solid State Devices,
EMHA,702,Epidemiology in Hlth Serv Mgmt,Brian Labus
EMHA,710,Pub Hlth Fund for HC Leaders,Kristin Steffen
EMHA,761,Hlthcare Law Ethics for Mngrs,Sheila Evans
ENG,271,Intro to Shakespeare,KATHERINE WALKER
ENG,285,Intro. to Latinx Lit.,Vincent Perez
ENG,400,Document Design,"MELISSA CARRION, Jeffrey Jablonski"
ENG,425A,Themes of Literature,"Jarret Keene, Siddharth Srikanth"
ENG,426B,Mythology,Amy Green
ENG,434B,Shakesp Comed/Hist,KATHERINE WALKER
ENG,445B,Victorian Poetry,Christopher Decker
ENG,449A,British Literature I,
ENG,449B,British Literature II,", Beth Rosenberg, Christopher Decker"
ENG,451A,American Literature I,John Hay
ENG,460,Amer Short Story,Maile Chapman
ENG,462C,Modern American Poetry,Claudia Keelan
ENG,473B,Mod Am Novel,Emily Setina
ENG,486B,Postcolonial Literature,Beth Rosenberg
ENG,625A,Themes of Literature,"Jarret Keene, Siddharth Srikanth"
ENG,634B,Shakesp Comed/Hist,KATHERINE WALKER
ENG,645B,Victorian Poetry,Christopher Decker
ENG,660,Amer Short Story,Maile Chapman
ENG,662C,Modern American Poetry,Claudia Keelan
ENG,673B,The Modern American Novel,Emily Setina
ENG,791,Coll Tch Lang Lit,Kaitlin Clinnin
EOH,730,Inf Prev Prog Oview,David Woodard
EPP,730,Consultation,
EPP,770,Systems Change,
EPP,772,Psychological Science,
EPP,775,Child & Youth Crisis,
EPP,777,Family-School,
EPP,793,Advanced Prac,
EPY,712,Foundation Lrn & Cogn,Edward Nussbaum
ESP,709,Diag Pre Assess Div Lernr,Joseph Morgan
ESP,728,Theory of Ply Dev,
ESP,734,Voc & Car Ed Disab Trans,
ESP,755A,Med Related Dis: Lifespan,
ESP,773,Assmt Young Child Disab,
ESP,775,Strat Early Chld Sp Ed,Nathan Rendon
FAB,290,Bar Operations Management,Mohsen Azizsoltani
FILM,110,Lang of Film,Kynan Dias
FILM,300,Film Criticism,Rodabeh Boroumand
FILM,416,Screenwriting I,Laurene Debord-Foulk
FILM,417,Screenwriting II,Laurene Debord-Foulk
FIN,102X,Personal Fin. Literacy,"Darwin Hopwood, Yousif Muradian"
FIN,307,Investments,", Lamindy Joseph"
FIN,308,Intern Fin Mgt,Jianzhong Zhang
FIN,312,Money and Capital Markets,
GAM,470,Quan Meth/App Casino Gam,"Richard Carlson, Ashok Singh"
GRC,365,Web Design,Richard Adams
GRC,380,Design & Media Studio II,Michael Fong
HCA,431,Quality Mgmt in HCO,Maire Simington
HCA,452,Health Politics & Policy,Christopher Cochran
HCA,493,HCA Practicum,Kurt Houser
HCA,631,Quality Management in HSOs,Maire Simington
HCA,652,Hlth Pol & Policy,Christopher Cochran
HCA,716,Healthcare Acct & Finance,Soumya Upadhyay
HIST,105,European Civ to 1648,"John Haberstroh, Joanna Kepka"
HIST,106,European Civ Since 1648,Gregory Brown
HIST,151,Intro Japanese Civ,Edgar Weir
HIST,330,Great Cities in History,Gregory Brown
HIST,375,Topics in Sports History,Kendra Gage
HIST,406B,Am West Since 1849,Andrew Kirk
HIST,415A,US Gilded Age 1877-1900,William Bauer
HIST,438A,Amer Indian History to  1851,William Bauer
HIST,606B,Am West Since 1849,Andrew Kirk
HIST,615A,US Gilded Age 1877-1900,William Bauer
HIST,638A,Amer Indian Hist To 1851,William Bauer
HMD,203,Front Office Operations,Mehmet Erdem
HMD,351,Internship in Hospitality,Gina Marano
HOA,732,Advance Stats in R,Ashok Singh
HOA,776,Current Issues in Hosp,Joseph Lema
HOA,786,Culminating Experience,Matthew Ryan
HON,410,Special Topics,"Jaclyn Costello, Michael Chin, Bryan Blankfield, Jaywilliam Honenberger, Daniel Bubb"
IB,425,Global Consumer Behavior,Anjala Krishen
IB,480,International Business,", Wonyong Oh"
IPSM,707,Special Topics in Sp Mgt,", Lisa Kelleher"
IS,210,Intro to Program Method,", Sutirtha Chatterjee"
JMS,601,The First Amend & Society,Stephen Bates
JOUR,113,Digital Info. Literacy,Benjamin Burroughs
JOUR,210,Introduction to PR,Benjamin Morse
JOUR,316,Adventure Media,Michael Easter
JOUR,347,Social Networks and Media,
JOUR,375,Social Media Strategies,Jamie Grolle
JOUR,420,Visual Literacy,Julian Kilker
JOUR,447,Virtual Worlds,Benjamin Burroughs
KIN,150,Emergency Management,Michelle Samuel
KIN,309,Essentials of Pers Train,Leonardo Lozano
KIN,346,Biomechanics,Julia Silvernail
KIN,391,Exercise Physiology,James Navalta
KIN,410,Advanced Strength Methods,Erik Wilkins
KIN,475,Sem Sport & Fitness Mgt,Emmanuel Ayim
KIN,490,Internship in KIN,Emmanuel Ayim
KIN,614,Enh Mental Motor,Harjiv Singh
LDE,201,Intro to Leadership,
MAT,680,College Geometry,
MAT,789,Topics Adv Math,
MATH,480,College Geometry,
MBA,763,"Leadership,Teams,& Individuals",John Baur
ME,756,Monte Carlo Methods in NE,Charlotta Sanders
ME,761,Prob Risk Assess (PRA),Charlotta Sanders
MGT,367,Human Resource Mgt,"Garold Alder, Victor Isbell"
MGT,480,International Mgmt,"Huston Pullen, Wonyong Oh"
MGT,740,Effective and Applied HRM,Garold Alder
MIS,740,Software Concepts,Han-Fen Hu
MIS,746,Is Project Mgt,Maynard Grant
MIS,766,Database,Han-Fen Hu
MKT,301,Marketing Management,"Marla Stafford, Gillian Naylor"
MKT,380,Marketing Digital Exper,Brandie Feuer
MKT,425,Global Consumer Behavior,Anjala Krishen
MKT,472,Marketing Plan & Analysis,Kimberly Nehls
MUS,134*,Jazz Appreciation,Lara Smith
MUS,770,Seminar Spec Topics,Richard Miller
NURS,712,Management & Perf. Improve.,Paul Thomas Clements
NURS,714,Fam Thry and Hlth Promotion,Hyunhwa Lee
NURS,719R,Policy Adv Practice,"Paul Thomas Clements, Jennifer Vanderlaan"
NURS,724,Dev & Eval Curric for Nurs Ed,Reimund Serafica
NURS,735,Healthcare Outcomes Management,Paul Thomas Clements
NURS,743,Nursing Education Practicum II,Necole Leland
NURS,748,Team Science,Catherine Dingley
NURS,750R,FNP Children and OB,Alena Grewal
NURS,753,Nurse Ed Scholarship Project,Lorraine Evangelista
NURS,767,Collaboration & Negotiation,Aaron Bellow
NURS,772,The Nurse as Leader,Rebecca Benfield
NURS,777,Indvd Stu/Dissertatn Sem,", Barbara St Pierre Schneider"
NURS,789,Independent Study,", Jennifer Vanderlaan"
NURS,796,Psychopharmacology II,Rhone D'Errico
NUTR,407,Compl & Integ MNT,"Leah Hanson, Arpita Basu"
NUTR,607,Compl & Integ MNT,"Laura Kruskall, Arpita Basu"
OCT,702,Leadership and Advocacy,Janeene Sibla
OCT,707,Evidence Based Education,Janeene Sibla
OCT,741,Prof Develop Seminar I,Jose Pablo Castillo
OCT,761,Professional Dev Seminar II,Jose Pablo Castillo
PBH,360,Research Methods,
PGM,162,PGM Internship I,"Junghoon Lee, Brian Jones"
PGM,262,PGM Internship II,Brian Jones
PGM,362,PGM Internship III,Brian Jones
PSC,200,Surv Political Thry,Donald Mirjanian
PSC,302,Research Methods in Psc,Steven Landis
PSC,304,The Legislative Process,Daniel Lee
PSC,403N,Pub Pol Around the World,Christian Jensen
PSC,405Q,Global Ecopolitics,Steven Landis
PSC,407Q,Political Violence/Terror,Tiffiany Howard
PSC,409J,Feminist Theory,Nerses Kopalyan
PSY,342,Forensic Psychology,William Ridgway
PSY,467,Psychology of Gender,Jeannine Klein
PUA,708,Organizational Behavior,", Jessica Word"
RE,332,Real Estate Finance,Shawn Mccoy
RE,334,Real Estate Invest,Nicholas Irwin
SOC,404,Stat Meth Soc Sci,Chenghui Zhang
SOC,421,Classic Soc Theory,Kerie Francis
SOC,429,Globalization,Robert Parker
SOC,445,Men in Society,Fatima Suarez
SOC,459,Soc Dilemmas of Climate Chng,Robert Futrell
SOC,471,Race and Ethnic Relations,"Courtney Carter, Dante Miller"
SOC,666,Soc of Medicine,Tirth Bhatta
SOC,674,Sociology Religion,Michael Borer
SPTM,220,Intro to Sport Management,Michelle Coyner
STA,691,Stat Scientists I,
STAT,491,Stat Scientists I,
SW,104,Perspectives in Aging,Zona Thompson
SW,471,Advcd Sem Spec Pbms,Cheryl Johnston
SW,671,Special Problems,Cheryl Johnston
SW,674,Grant Writing & Mgmt,
SW,768,Supervision in Soc Work,Judy Tudor
SW,785,Advanced Policy,Mary-Ann Overcamp-Martini
TCA,141,Trvl & Tourism I,"Joseph Lema, Barbara Richards"
TCA,210,Global Event Management,Rhonda Montgomery
TCA,301,Event Proposal Process,"Rhonda Montgomery, Hye Kim"
TESL,751,Theory & Practice for English,
ULD,752,Developing Teams,
URST,423,Ethics in Urban Studies,
WLC,198,Read Prof Fl Grad Stud,Kathleen Callahan
WMST,409J,Feminist Political Theory,Nerses Kopalyan
ACC,405,Cost Mgt and Control,Robert Cornell
ACC,774,Law for Accountants II,Donald Jones
ANTH,473,Anthropology of Violence,Debra Martin
ANTH,673R,Anthropology of Violence,Debra Martin
CEE,241,Statics,Jee Woong Park
CHEM,108,Introduction to Chemistry,Jennifer Guerra
CIG,682,Reflective Practice,", Peter Wiens"
CIG,706,Mentor Strat Imprv Teach,
CIL,604,Literacy Instr Yng Chldrn,
CIS,513A,Teaching Secondary Art,Chad Scott
CIS,553S,Tch Secondary Math,Micah Stohlmann
CIS,603,Sec Process and Instr,", Iesha Jackson"
CIT,608,Integrating Tech Tchg Lrng,Kendall Hartley
CIT,643,Designing Digital Education,
CIT,647,Online Lrng Environments,Kendall Hartley
COM,435,Quantitative Rsrch Methds,Tara Mcmanus
COM,497,Train and Dev Capst,Nick Tatum
CPE,400,Computer Comm Networks,
CRJ,404,Crime Analysis,
ECE,250,Orien Early Child,
ECE,431,Tch Com Skl Yng Chl,
ECE,454,Methods Ece II (Math/Sci),
ECE,456,Positive Discipline ECE,
ECE,740,Early Language & Learning,
ECG,600,Computer Comm Networks,
EDEL,301,Elem Curr/Found Glb Tchg,
EDEL,405,Curric & Assess Elem Ed,
EDH,609,Leading Diverse Organizations,Kenyon Whitman
EDH,610,Capstone,Doris Watson
EDH,626,Foundtns Student Affairs,
EDH,707,Design/Critique Research,Stefani Relles
EDH,730,Institutional Assessment,Federick Ngo
EDRL,402,Lit for Young Adults,
EDSC,453,Tch Secondry Math,Micah Stohlmann
EDSP,441,Char/Incl Strat W/Mod Dis,
EDSP,462,Math Meth Mild Disab,
EDW,733,Car Ed Curr Prg Dev,Xue Xing
EDW,755,Prosem Workforce Ed,Xue Xing
EDW,763,Readings- Ps Ed/Wlp/Lshp,Xue Xing
EDWF,440,Tech Uses in Workforce Ed,
EMHA,716,Hlth Care Fin Mgmt I/Hlth Acc,Donna Gellatly
EMHA,721,Advanced Healthcare Finance,Donna Gellatly
ENG,406B,Electronic Docs/Publish,Jeffrey Jablonski
ENG,407DX,Fundamentals Sci Writing,MELISSA CARRION
EOH,655,Active transport,Sheila Janofsky
EOH,701,Measurement in Inf Prev,David Woodard
EOH,713,Public Health Law,Maxim Gakh
EOH,740,Environmental Health,Lung-Wen Chen
EOH,744,Mixed Methods Research,Jennifer Pharr
EPY,708,Human Lrng & Dev,
EPY,716,Evaluation Research Meth,
EPY,722,Infer Stat Exp Dsn,Alice Corkill
EPY,723,Psychometrics I,Daniel Wright
ESP,717B,Emotional Disturbance,
FAB,330,Restaurant Sustainability,Christine Bergman
FIN,708,Adv Corp Fin,Steven Ho
FIN,710,Investment Management,
FINQ,708,Corp Fin Theory Quant App,Steven Ho
FINQ,710,Invest Theory Quant App,
GAM,339,Protection Casino Assets,Laurence Morrow
GAM,340,Gaming Device Mgt,Laurence Morrow
HCA,402,Op Mgt for HCA Orgs,"Chris Papesh, Yeunkyung Kim"
HCA,720,Info Systems in Hca,Yonsu Kim
HED,705,Theor Fnd Hlth Prom,Jason Flatt
HED,716,Qualitative Methods,Erika Marquez
HED,762,Adv App Soc Beh Theory,Manoj Sharma
HIST,260,Intro to Native Amer Hist,William Bauer
HIST,414A,US National Per 1815-1860,Elizabeth Nelson
HIST,449C,Topics in Japanese Hist,Edgar Weir
HIST,453,Women in Politics,Valerie Taylor
HIST,649C,Topics in Japanese Hist,Edgar Weir
HMD,100,Hospitality 1st Year Sem,Roberta Barnes Webb
HOA,701,The Hospitality Industry,Laura Book
HOA,734,Res Meth for Hosp,Renata Fernandes Guzzo
HOA,740,Marketing Systems,Barbara Richards
HOA,746,Contemp Marketing Hosp,Patricia Coaley
HON,112,Explo Amer Politics,Michelle Turk
JOUR,333,Intro Inter Media Design,Sam Hubbell
JOUR,380,Women and Media,Molly Sullivan
JOUR,408,Media Criticism,
KIN,458,Org Admin Ath Prog,Steve Mccauley
KIN,745,Human Energy Metabolism,Arpita Basu
KIN,750,Research Methods in KIN & NUTR,Brian Schilling
KIN,755,Research on Phys Act Behavior,Sara Rosenkranz
KIN,765,Neurophysiology of Movement,Bracher Poston
LDE,202,Leadership and Ethics,
LDE,312,Leadership & Relationships,
MATH,181,Calculus I,
MBA,785,Global Business,Orie Berezan
ME,402,Comput Methods for Engrs,Alexander Barzilov
ME,455,Fund Nuclear Engr,Alexander Barzilov
ME,602,Comput Methods for Engrs,Alexander Barzilov
ME,655,Fund Nuclear Engr,
ME,740,Adv Dynamics,Mohamed Trabia
ME,754,Intro to Nuclear Crit Safety,Charlotta Sanders
ME,760,Rad Waste Management,Charlotta Sanders
MGT,304,Lean Start-Ups,Hans Rawhouser
MGT,475,Sem Hum Resourc Mgt,Lamont Johnson
MHA,605,Fin Analysis Service Indust,Carola Raab
MHA,606,Hospitality Revenue Management,Barbara Richards
MHA,620,Prin & Prac Fdsv Mt,Joseph Lema
MHA,621,"Gaming, Govt & Comm Relations",Todd Uglow
MHA,623,Internet and Mobile Gaming,Barbara Richards
MHA,638,Database Mktg for Hosp,Xiucheng Bai
MHA,639,Casino Marketing,Paul Pippin
MHA,645,Human Dyn & Org Leadership,Barbara Richards
MKT,725,Global Consumer Behavior,Anjala Krishen
MKT,757,Strat Database Market,John Schibrowsky
MUS,650,Ed Measurement in Music,Eugenie Burkett
NURS,505,Found Pat Cent Care,
NURS,520,Patho Pharm Nurs,
NURS,701,Diag Reas & Clin Decision FNP,
NURS,703,Advanced Health Assessment,
NURS,704,Adv Patho and Genetics I,
NURS,706,Nursing Theory and Research,
NURS,708,Analysis & Econ Health Systems,
NURS,709,Teach & Learn in Nursing Ed,
NURS,716,Population Health,
NURS,729R,Evidence for Healthcare,
NURS,737,Leadership in Organizations,
NURS,738,Financial Theory & Management,
NURS,749,"Research, Scholar Seminar",
NURS,752,NP Business and Roles,
NURS,760R,FNP Geriatric and Chronic Ill,
NURS,761,Clinical Synthesis,
NURS,770,Knowledge Dvlpmnt Nur,
NURS,775,Stat Methods Nurs I,
NURS,780,Quant Methods in Nursing,
NURS,781,Qual Research Meth,
NURS,798,Indepe Study in Nur,
NURS,799,PMHNP III,
NUTR,223,Principles of Nutrition,Dawn Matusz
NUTR,271,Intro to Nutr/Dietetics,Samantha Coogan
NUTR,315,Field Ex in Nutr,Leah Hanson
NUTR,370,Nutrition Life Cycle,Leah Hanson
NUTR,405,Advanced Sports Nutrition,Laura Kruskall
NUTR,426,Med Nutr Therapy I,Laura Kruskall
NUTR,451,Nutrition and Metabolism,Arpita Basu
NUTR,470,Community Nutrition,Dawn Matusz
NUTR,605,Advanced Sports Nutrition,Laura Kruskall
NUTR,626,Medical Nutrition Therapy 1,Laura Kruskall
NUTR,651,Nutrition and Metabolism,Arpita Basu
NUTR,652,Adv Nutr,Sara Rosenkranz
NUTR,700,Sp Tpcs Nutr Sci,Sara Rosenkranz
NUTR,720,Life Mod Chronic Disease,Richard Rosenkranz
NUTR,753,Exptl. Tech. Nutr. Metab.,Sara Rosenkranz
PAF,704,Public Affairs as a Profession,Jayce Farmer
PBH,275,Injury Prevention and Control,William Webber
PBH,300,Public Hlth Pre-Capstone,Sheila Janofsky
PBH,455,Active transport,Sheila Janofsky
PED,428,Methods Teaching Sports,Chia-Liang Dai
PHIL,622,Advanced Logic,David Beisecker
PHYS,195,Engineering Physics A,Timothy Porter
PSC,401J,Women in Politics,Valerie Taylor
PSC,403O,US Public Policy,Elizabeth Maltby
PSC,405D,US foreign Policy,Tiffiany Howard
PSC,405V,Intl & US Immigration Pol,Tiffiany Howard
PSY,412,Motivation and Emotion,Lianne Barnes
PSY,438,Child Behavior Disorders,Mirae Fornander
SOC,629,Globalization,Robert Parker
SW,701,Social Welfare Policy I,Mary-Ann Overcamp-Martini
SW,716,Swk Research I,An-Pyng Sun
SW,720,Fdn Prac I,Anne Abruscato
SW,740,Dir Prac I,Anne Abruscato
SW,747,Dsm:Assess & Diagnosis,Anne Abruscato
SW,760,Mcp I,Mary-Ann Overcamp-Martini
TCA,345,The National Parks,Barbara Richards
ULD,731,Urban Development,
ULD,737,Fm Analytics to Action: Data,
ULD,750,Urban Leadership,
URST,400,Public Orgs Urban Setting,
URST,410,Envir Pol Urban Setting,
URST,427,Data Vis for Urb Studies,
URST,496,Topics Urban Studies,
WMST,401J,Women in Politics,Valerie Taylor
HIST,449A,Hist of Japan to 1800,Edgar Weir
HIST,649A,Hist of Japan to 1800,Edgar Weir
HON,102,Hon Critical Think,Jesse Fitts
HON,420,Special Topics Seminars,Heather Lusty
